# 01 ==========================================================================================;;;;;;
# 02 tracciato record: ( separatore tra campi ==> ; ) non sono ammessi caratteri spazio nei campi);;;;;
# 03 ==========================================================================================;;;;;;
# 04 DB; type ; Application ; Connection ; Database ; Owner ; Table 
# 05 ==========================================================================================;;;;;;
# 06 DB          = Valore fisso che identifica la riga dati, a partire dal primo carattere;;;;;;
# 07 type        = [sql] oppure [ora] per individuare la tipologia di database;;;;;;
# 08 Application = Codice applicazione;;;;;;
# 09 Connection  = Connessione al database;;;;;;
# 10 Database    = Nome database;;;;;;
# 11 Owner       = Nome schema;;;;;;
# 12 Table       = Nome tabella;;;;;;
# 13 ==========================================================================================;;;;;;
DB; type ; Application ; Connection ; Database ; Owner ; Table 
DB ; sql ; CONTROLLI_A_DISTANZA ; XXX1CC2C-7\XXX99X1S,1453 ; CAD_MODELLO ; dbo ; F_ANTICIPO_FATTURE
DB ; ora ; FABBRICA_PRODOTTI ; XX01XX2x:1531/XXX99X1O   ; XXX99X1O ; JBPM_NV ; NV_CARTELLA
